timestamp,syscall,pid,ppid,uid,exit,file,fd,buf,count,flags,mode
2024-11-19T14:24:54.760Z,stat,2753,2,0,0,/usr/lib/python3.8/lib-dynload,,,,,
2024-11-19T14:24:54.760Z,stat,2753,2,0,0,/usr/local/lib/python3.8/dist-packages,,,,,
2024-11-19T14:24:54.760Z,stat,2753,2,0,0,/usr/lib/python3/dist-packages,,,,,
2024-11-19T14:24:54.760Z,stat,2753,2,0,0,/usr/lib/python3/dist-packages/apt_pkg.cpython-38-x86_64-linux-gnu.so,,,,,
2024-11-19T14:24:54.760Z,openat,2753,2,0,1,/usr/lib/python3/dist-packages/apt_pkg.cpython-38-x86_64-linux-gnu.so,,,,18752864,524288
2024-11-19T14:24:54.760Z,openat,2753,2,0,1,/etc/ld.so.cache,,,,1.39722E+14,524288
2024-11-19T14:24:54.764Z,openat,2753,2,0,1,/lib/x86_64-linux-gnu/libapt-pkg.so.6.0,,,,16384336,524288
2024-11-19T14:24:54.764Z,openat,2753,2,0,1,/lib/x86_64-linux-gnu/libstdc++.so.6,,,,16601216,524288
2024-11-19T14:24:54.764Z,openat,2753,2,0,1,/lib/x86_64-linux-gnu/libgcc_s.so.1,,,,17609088,524288
2024-11-19T14:24:54.764Z,openat,2753,2,0,1,/lib/x86_64-linux-gnu/libresolv.so.2,,,,18716896,524288
2024-11-19T14:24:54.768Z,openat,2753,2,0,1,/lib/x86_64-linux-gnu/liblz4.so.1,,,,18505840,524288
2024-11-19T14:24:54.768Z,openat,2753,2,0,1,/lib/x86_64-linux-gnu/libzstd.so.1,,,,16805536,524288
2024-11-19T14:24:54.768Z,openat,2753,2,0,1,/lib/x86_64-linux-gnu/libudev.so.1,,,,17694736,524288
2024-11-19T14:24:54.768Z,openat,2753,2,0,1,/lib/x86_64-linux-gnu/libsystemd.so.0,,,,17413680,524288
2024-11-19T14:24:54.768Z,openat,2753,2,0,1,/lib/x86_64-linux-gnu/libgcrypt.so.20,,,,17025520,524288
2024-11-19T14:24:54.772Z,openat,2753,2,0,1,/lib/x86_64-linux-gnu/librt.so.1,,,,18555248,524288
2024-11-19T14:24:54.772Z,openat,2753,2,0,1,/lib/x86_64-linux-gnu/libgpg-error.so.0,,,,17458352,524288
2024-11-19T14:24:54.784Z,stat,2753,2,0,0,/usr/lib/python3/dist-packages/apt,,,,,
2024-11-19T14:24:54.784Z,stat,2753,2,0,0,/usr/lib/python3/dist-packages/apt,,,,,
2024-11-19T14:24:54.784Z,stat,2753,2,0,0,/usr/lib/python3/dist-packages/apt,,,,,
2024-11-19T14:24:54.784Z,openat,2753,2,0,1,/usr/lib/python3/dist-packages/apt,,,,1.39722E+14,591872
2024-11-19T14:24:54.784Z,stat,2753,2,0,0,/usr/lib/python3/dist-packages/apt/package.py,,,,,
2024-11-19T14:24:54.784Z,stat,2753,2,0,0,/usr/lib/python3/dist-packages/apt/package.py,,,,,
2024-11-19T14:24:54.784Z,openat,2753,2,0,1,/usr/lib/python3/dist-packages/apt/__pycache__/package.cpython-38.pyc,,,,1.39722E+14,524288
2024-11-19T14:24:54.788Z,stat,2753,2,0,0,/usr/share/apport,,,,,
2024-11-19T14:24:54.788Z,stat,2753,2,0,0,/usr/lib/python3.8,,,,,
2024-11-19T14:24:54.788Z,stat,2753,2,0,0,/usr/lib/python3.8/typing.py,,,,,
2024-11-19T14:24:54.788Z,stat,2753,2,0,0,/usr/lib/python3.8/typing.py,,,,,
2024-11-19T14:24:54.788Z,openat,2753,2,0,1,/usr/lib/python3.8/__pycache__/typing.cpython-38.pyc,,,,1.39722E+14,524288
2024-11-19T14:24:54.796Z,stat,2753,2,0,0,/usr/lib/python3/dist-packages/apt,,,,,
2024-11-19T14:24:54.796Z,stat,2753,2,0,ENOENT,/usr/lib/python3/dist-packages/apt/progress/__init__.cpython-38-x86_64-linux-gnu.so,,,,,
2024-11-19T14:24:54.796Z,stat,2753,2,0,ENOENT,/usr/lib/python3/dist-packages/apt/progress/__init__.abi3.so,,,,,
2024-11-19T14:24:54.796Z,stat,2753,2,0,ENOENT,/usr/lib/python3/dist-packages/apt/progress/__init__.so,,,,,
2024-11-19T14:24:54.796Z,stat,2753,2,0,0,/usr/lib/python3/dist-packages/apt/progress/__init__.py,,,,,
2024-11-19T14:24:54.796Z,stat,2753,2,0,0,/usr/lib/python3/dist-packages/apt/progress/__init__.py,,,,,
2024-11-19T14:24:54.796Z,openat,2753,2,0,1,/usr/lib/python3/dist-packages/apt/progress/__pycache__/__init__.cpython-38.pyc,,,,1.39722E+14,524288
2024-11-19T14:24:54.796Z,stat,2753,2,0,0,/usr/lib/python3/dist-packages/apt/progress,,,,,
2024-11-19T14:24:54.796Z,stat,2753,2,0,0,/usr/lib/python3/dist-packages/apt/progress,,,,,
2024-11-19T14:24:54.796Z,stat,2753,2,0,0,/usr/lib/python3/dist-packages/apt/progress,,,,,
2024-11-19T14:24:54.796Z,openat,2753,2,0,1,/usr/lib/python3/dist-packages/apt/progress,,,,1.39722E+14,591872
2024-11-19T14:24:54.796Z,stat,2753,2,0,0,/usr/lib/python3/dist-packages/apt/progress/text.py,,,,,
2024-11-19T14:24:54.796Z,stat,2753,2,0,0,/usr/lib/python3/dist-packages/apt/progress/text.py,,,,,
2024-11-19T14:24:54.796Z,openat,2753,2,0,1,/usr/lib/python3/dist-packages/apt/progress/__pycache__/text.cpython-38.pyc,,,,1.39722E+14,524288
2024-11-19T14:24:54.800Z,stat,2753,2,0,0,/usr/lib/python3/dist-packages/apt/progress,,,,,
2024-11-19T14:24:54.800Z,stat,2753,2,0,0,/usr/lib/python3/dist-packages/apt/progress/base.py,,,,,
2024-11-19T14:24:54.800Z,stat,2753,2,0,0,/usr/lib/python3/dist-packages/apt/progress/base.py,,,,,
2024-11-19T14:24:54.800Z,openat,2753,2,0,1,/usr/lib/python3/dist-packages/apt/progress/__pycache__/base.cpython-38.pyc,,,,1.39722E+14,524288
2024-11-19T14:24:54.800Z,stat,2753,2,0,0,/usr/lib/python3/dist-packages/apt,,,,,
2024-11-19T14:24:54.800Z,stat,2753,2,0,0,/usr/lib/python3/dist-packages/apt/cache.py,,,,,
2024-11-19T14:24:54.800Z,stat,2753,2,0,0,/usr/lib/python3/dist-packages/apt/cache.py,,,,,
2024-11-19T14:24:54.800Z,openat,2753,2,0,1,/usr/lib/python3/dist-packages/apt/__pycache__/cache.cpython-38.pyc,,,,1.39722E+14,524288
2024-11-19T14:24:54.804Z,stat,2753,2,0,0,/usr/lib/python3/dist-packages/apt,,,,,
2024-11-19T14:24:54.804Z,stat,2753,2,0,0,/usr/lib/python3/dist-packages/apt/cdrom.py,,,,,
2024-11-19T14:24:54.804Z,stat,2753,2,0,0,/usr/lib/python3/dist-packages/apt/cdrom.py,,,,,
2024-11-19T14:24:54.804Z,openat,2753,2,0,1,/usr/lib/python3/dist-packages/apt/__pycache__/cdrom.cpython-38.pyc,,,,1.39722E+14,524288
2024-11-19T14:24:54.804Z,stat,2753,2,0,0,/etc/apt/apt.conf.d/,,,,,
2024-11-19T14:24:54.804Z,stat,2753,2,0,0,/etc/apt/apt.conf.d/,,,,,
2024-11-19T14:24:54.804Z,openat,2753,2,0,1,/etc/apt/apt.conf.d/,,,,16732848,591872
2024-11-19T14:24:54.804Z,openat,2753,2,0,1,/etc/apt/apt.conf.d/00aptitude,,,,18899424,524544
2024-11-19T14:24:54.804Z,openat,2753,2,0,1,/etc/apt/apt.conf.d/00trustcdrom,,,,16691200,524544
2024-11-19T14:24:54.804Z,openat,2753,2,0,1,/etc/apt/apt.conf.d/01-vendor-ubuntu,,,,16691360,524544
2024-11-19T14:24:54.804Z,openat,2753,2,0,1,/etc/apt/apt.conf.d/01autoremove,,,,15844832,524544
2024-11-19T14:24:54.812Z,openat,2753,2,0,1,/etc/apt/apt.conf.d/01autoremove-kernels,,,,16222704,524544
2024-11-19T14:24:54.812Z,openat,2753,2,0,1,/etc/apt/apt.conf.d/10periodic,,,,15563920,524544
2024-11-19T14:24:54.812Z,openat,2753,2,0,1,/etc/apt/apt.conf.d/15update-stamp,,,,16691248,524544
2024-11-19T14:24:54.812Z,openat,2753,2,0,1,/etc/apt/apt.conf.d/20apt-esm-hook.conf,,,,18899328,524544
2024-11-19T14:24:54.812Z,openat,2753,2,0,1,/etc/apt/apt.conf.d/20archive,,,,18899376,524544
2024-11-19T14:24:54.812Z,openat,2753,2,0,1,/etc/apt/apt.conf.d/20auto-upgrades,,,,18899568,524544
2024-11-19T14:24:54.812Z,openat,2753,2,0,1,/etc/apt/apt.conf.d/20dbus,,,,18899520,524544
2024-11-19T14:24:54.812Z,openat,2753,2,0,1,/etc/apt/apt.conf.d/20packagekit,,,,18899472,524544
2024-11-19T14:24:54.812Z,openat,2753,2,0,1,/etc/apt/apt.conf.d/20snapd.conf,,,,15796368,524544
2024-11-19T14:24:54.812Z,openat,2753,2,0,1,/etc/apt/apt.conf.d/50appstream,,,,16707104,524544
2024-11-19T14:24:54.812Z,openat,2753,2,0,1,/etc/apt/apt.conf.d/50command-not-found,,,,16691456,524544
2024-11-19T14:24:54.812Z,openat,2753,2,0,1,/etc/apt/apt.conf.d/50unattended-upgrades,,,,16691296,524544
2024-11-19T14:24:54.812Z,openat,2753,2,0,1,/etc/apt/apt.conf.d/60icons,,,,16691408,524544
2024-11-19T14:24:54.812Z,openat,2753,2,0,1,/etc/apt/apt.conf.d/60icons-hidpi,,,,18637392,524544
2024-11-19T14:24:54.812Z,openat,2753,2,0,1,/etc/apt/apt.conf.d/70debconf,,,,16707200,524544
2024-11-19T14:24:54.812Z,openat,2753,2,0,1,/etc/apt/apt.conf.d/99update-notifier,,,,16707152,524544
2024-11-19T14:24:54.812Z,stat,2753,2,0,ENOENT,/etc/apt/apt.conf,,,,,
2024-11-19T14:24:54.812Z,stat,2753,2,0,0,/var/lib/dpkg/status,,,,,
2024-11-19T14:24:54.812Z,stat,2753,2,0,0,/usr/bin/dpkg,,,,,
2024-11-19T14:24:54.812Z,stat,2753,2,0,0,/etc/debian_version,,,,,
2024-11-19T14:24:54.812Z,openat,2753,2,0,1,/usr/share/dpkg/cputable,,,,17764912,0
2024-11-19T14:24:54.812Z,stat,2753,2,0,0,/usr/share/dpkg/tupletable,,,,,
2024-11-19T14:24:54.812Z,openat,2753,2,0,2,/usr/share/dpkg/tupletable,,,,17114192,0
2024-11-19T14:24:54.820Z,stat,2753,2,0,0,/usr/share/apport,,,,,
2024-11-19T14:24:54.820Z,stat,2753,2,0,0,/usr/lib/python3.8,,,,,
2024-11-19T14:24:54.820Z,stat,2753,2,0,0,/usr/lib/python3.8/lib-dynload,,,,,
2024-11-19T14:24:54.820Z,stat,2753,2,0,0,/usr/local/lib/python3.8/dist-packages,,,,,
2024-11-19T14:24:54.820Z,stat,2753,2,0,0,/usr/lib/python3/dist-packages,,,,,
2024-11-19T14:24:54.820Z,stat,2753,2,0,0,/usr/share/apport,,,,,
2024-11-19T14:24:54.820Z,stat,2753,2,0,0,/usr/lib/python3.8,,,,,
2024-11-19T14:24:54.820Z,stat,2753,2,0,0,/usr/lib/python3.8/pickle.py,,,,,
2024-11-19T14:24:54.820Z,stat,2753,2,0,0,/usr/lib/python3.8/pickle.py,,,,,
2024-11-19T14:24:54.820Z,openat,2753,2,0,1,/usr/lib/python3.8/__pycache__/pickle.cpython-38.pyc,,,,1.39722E+14,524288
2024-11-19T14:24:54.820Z,stat,2753,2,0,0,/usr/share/apport,,,,,
2024-11-19T14:24:54.820Z,stat,2753,2,0,0,/usr/lib/python3.8,,,,,
2024-11-19T14:24:54.820Z,stat,2753,2,0,0,/usr/lib/python3.8/_compat_pickle.py,,,,,
2024-11-19T14:24:54.820Z,stat,2753,2,0,0,/usr/lib/python3.8/_compat_pickle.py,,,,,
2024-11-19T14:24:54.820Z,openat,2753,2,0,1,/usr/lib/python3.8/__pycache__/_compat_pickle.cpython-38.pyc,,,,1.39722E+14,524288
2024-11-19T14:24:54.820Z,stat,2753,2,0,0,/usr/share/apport,,,,,
2024-11-19T14:24:54.820Z,stat,2753,2,0,0,/usr/lib/python3.8,,,,,
2024-11-19T14:24:54.820Z,stat,2753,2,0,0,/usr/lib/python3.8/lib-dynload,,,,,
2024-11-19T14:24:54.820Z,stat,2753,2,0,0,/usr/local/lib/python3.8/dist-packages,,,,,
2024-11-19T14:24:54.820Z,stat,2753,2,0,0,/usr/lib/python3/dist-packages,,,,,
2024-11-19T14:24:54.828Z,stat,2753,2,0,0,/usr/lib/python3/dist-packages/apport,,,,,
2024-11-19T14:24:54.828Z,stat,2753,2,0,0,/usr/lib/python3/dist-packages/apport/packaging.py,,,,,
2024-11-19T14:24:54.828Z,stat,2753,2,0,0,/usr/lib/python3/dist-packages/apport/packaging.py,,,,,
2024-11-19T14:24:54.828Z,openat,2753,2,0,1,/usr/lib/python3/dist-packages/apport/__pycache__/packaging.cpython-38.pyc,,,,1.39722E+14,524288
2024-11-19T14:24:54.828Z,stat,2753,2,0,0,/usr/lib/python3/dist-packages/apport,,,,,
2024-11-19T14:24:54.828Z,stat,2753,2,0,0,/usr/lib/python3/dist-packages/apport/hookutils.py,,,,,
2024-11-19T14:24:54.828Z,stat,2753,2,0,0,/usr/lib/python3/dist-packages/apport/hookutils.py,,,,,
2024-11-19T14:24:54.828Z,openat,2753,2,0,1,/usr/lib/python3/dist-packages/apport/__pycache__/hookutils.cpython-38.pyc,,,,1.39722E+14,524288
2024-11-19T14:24:54.828Z,openat,2753,2,0,1,/var/log/apport.log,,,,1.39722E+14,525377
2024-11-19T14:24:54.828Z,openat,2753,2,0,2,/etc/group,,,,1.39722E+14,524288
2024-11-19T14:24:54.828Z,chown,2753,2,0,0,/var/log/apport.log,,,,,
2024-11-19T14:24:54.832Z,chmod,2753,2,0,0,/var/log/apport.log,,,,,
2024-11-19T14:24:54.832Z,stat,2753,2,0,0,/usr/share/apport,,,,,
2024-11-19T14:24:54.832Z,stat,2753,2,0,0,/usr/lib/python3.8,,,,,
2024-11-19T14:24:54.832Z,stat,2753,2,0,0,/usr/lib/python3.8/_bootlocale.py,,,,,
2024-11-19T14:24:54.832Z,stat,2753,2,0,0,/usr/lib/python3.8/_bootlocale.py,,,,,
2024-11-19T14:24:54.832Z,openat,2753,2,0,3,/usr/lib/python3.8/__pycache__/_bootlocale.cpython-38.pyc,,,,1.39722E+14,524288
2024-11-19T14:24:54.835Z,stat,2753,2,0,0,/proc/self/ns/pid,,,,,
2024-11-19T14:24:54.835Z,stat,2753,2,0,0,/proc/2752/ns/pid,,,,,
2024-11-19T14:24:54.835Z,readlink,2753,2,0,16,/proc/2752/ns/pid,,,,,
2024-11-19T14:24:54.835Z,readlink,2753,2,0,16,/proc/self/ns/pid,,,,,
2024-11-19T14:24:54.835Z,stat,2753,2,0,0,/proc/self/ns/mnt,,,,,
2024-11-19T14:24:54.835Z,stat,2753,2,0,0,/proc/2752/ns/mnt,,,,,
2024-11-19T14:24:54.835Z,readlink,2753,2,0,16,/proc/2752/ns/mnt,,,,,
2024-11-19T14:24:54.835Z,readlink,2753,2,0,16,/proc/self/ns/mnt,,,,,
2024-11-19T14:24:54.835Z,openat,2753,2,0,3,/var/run/apport.lock,,,,1.39722E+14,655425
2024-11-19T14:24:54.835Z,openat,2753,2,0,4,/proc/2752,,,,1.39722E+14,2686976
2024-11-19T14:24:54.835Z,newfstatat,2753,2,0,0,stat,,,,,
2024-11-19T14:24:54.835Z,openat,2753,2,0,5,status,,,,1.39722E+14,524288
2024-11-19T14:24:54.835Z,openat,2753,2,0,5,cwd,,,,1.39722E+14,2686976
2024-11-19T14:24:54.835Z,openat,2753,2,0,6,/proc/2753/stat,,,,1.39722E+14,524288
2024-11-19T14:24:54.835Z,openat,2753,2,0,6,stat,,,,1.39722E+14,524288
2024-11-19T14:24:54.835Z,newfstatat,2753,2,0,0,exe,,,,,
2024-11-19T14:24:54.835Z,newfstatat,2753,2,0,0,cmdline,,,,,
2024-11-19T14:24:54.835Z,readlinkat,2753,2,0,33,exe,,,,,
2024-11-19T14:24:54.835Z,stat,2753,2,0,0,/home/student/Downloads/program10,,,,,
2024-11-19T14:24:54.835Z,openat,2753,2,0,6,/proc/meminfo,,,,1.39722E+14,524288
2024-11-19T14:24:54.843Z,stat,2753,2,0,0,/home/student/Downloads/program10,,,,,
2024-11-19T14:24:54.843Z,readlinkat,2753,2,0,24,cwd,,,,,
2024-11-19T14:24:54.843Z,openat,2753,2,0,6,environ,,,,1.39722E+14,524288
2024-11-19T14:24:54.843Z,openat,2753,2,0,6,status,,,,1.39722E+14,524288
2024-11-19T14:24:54.843Z,openat,2753,2,0,6,cmdline,,,,1.39722E+14,524288
2024-11-19T14:24:54.843Z,openat,2753,2,0,6,maps,,,,1.39722E+14,524288
2024-11-19T14:24:54.843Z,stat,2753,2,0,0,/home/student/Downloads/program10,,,,,
2024-11-19T14:24:54.843Z,stat,2753,2,0,0,/home/student/Downloads/program10,,,,,
2024-11-19T14:24:54.843Z,openat,2753,2,0,6,attr/current,,,,1.39722E+14,524288
2024-11-19T14:24:54.843Z,openat,2753,2,0,6,cgroup,,,,1.39722E+14,524288
2024-11-19T14:24:54.851Z,stat,2753,2,0,0,/run/systemd/sessions/2,,,,,
2024-11-19T14:24:54.851Z,stat,2753,2,0,ENOENT,/var/crash/_home_student_Downloads_program10.0.2752.hanging,,,,,
2024-11-19T14:24:54.851Z,openat,2753,2,0,6,/etc/passwd,,,,1.39722E+14,524288
2024-11-19T14:24:54.851Z,openat,2753,2,0,ENOENT,/root/.config/apport/settings,,,,1.39722E+14,655360
2024-11-19T14:24:54.911Z,openat,2751,2664,0,5,/etc/login.defs,,,,1.40703E+14,0
2024-11-19T14:24:54.911Z,openat,2751,2664,0,5,/etc/login.defs,,,,1.40703E+14,0
2024-11-19T14:24:54.915Z,openat,2758,2664,1000,3,/dev/null,,,,9.48989E+13,577
2024-11-19T14:24:54.915Z,execve,2758,2664,1000,0,/usr/bin/sudo,,,,,
2024-11-19T14:24:54.915Z,access,2758,2664,1000,ENOENT,/etc/suid-debug,,,,,
2024-11-19T14:24:54.915Z,access,2758,2664,1000,ENOENT,/etc/suid-debug,,,,,
2024-11-19T14:24:54.915Z,access,2758,2664,1000,ENOENT,/etc/ld.so.preload,,,,,
2024-11-19T14:24:54.915Z,openat,2758,2664,1000,ENOENT,/usr/lib/sudo/tls/haswell/x86_64/libaudit.so.1,,,,1.40736E+14,524288
2024-11-19T14:24:54.915Z,stat,2758,2664,1000,ENOENT,/usr/lib/sudo/tls/haswell/x86_64,,,,,
2024-11-19T14:24:54.915Z,openat,2758,2664,1000,ENOENT,/usr/lib/sudo/tls/haswell/libaudit.so.1,,,,1.40736E+14,524288
2024-11-19T14:24:54.915Z,stat,2758,2664,1000,ENOENT,/usr/lib/sudo/tls/haswell,,,,,
2024-11-19T14:24:54.915Z,openat,2758,2664,1000,ENOENT,/usr/lib/sudo/tls/x86_64/libaudit.so.1,,,,1.40736E+14,524288
2024-11-19T14:24:54.915Z,stat,2758,2664,1000,ENOENT,/usr/lib/sudo/tls/x86_64,,,,,
2024-11-19T14:24:54.915Z,openat,2758,2664,1000,ENOENT,/usr/lib/sudo/tls/libaudit.so.1,,,,1.40736E+14,524288
2024-11-19T14:24:54.915Z,stat,2758,2664,1000,ENOENT,/usr/lib/sudo/tls,,,,,
2024-11-19T14:24:54.915Z,openat,2758,2664,1000,ENOENT,/usr/lib/sudo/haswell/x86_64/libaudit.so.1,,,,1.40736E+14,524288
2024-11-19T14:24:54.915Z,stat,2758,2664,1000,ENOENT,/usr/lib/sudo/haswell/x86_64,,,,,
2024-11-19T14:24:54.915Z,openat,2758,2664,1000,ENOENT,/usr/lib/sudo/haswell/libaudit.so.1,,,,1.40736E+14,524288
2024-11-19T14:24:54.915Z,stat,2758,2664,1000,ENOENT,/usr/lib/sudo/haswell,,,,,
2024-11-19T14:24:54.915Z,openat,2758,2664,1000,ENOENT,/usr/lib/sudo/x86_64/libaudit.so.1,,,,1.40736E+14,524288
2024-11-19T14:24:54.915Z,stat,2758,2664,1000,ENOENT,/usr/lib/sudo/x86_64,,,,,
2024-11-19T14:24:54.915Z,openat,2758,2664,1000,ENOENT,/usr/lib/sudo/libaudit.so.1,,,,1.40736E+14,524288
2024-11-19T14:24:54.915Z,stat,2758,2664,1000,0,/usr/lib/sudo,,,,,
2024-11-19T14:24:54.915Z,openat,2758,2664,1000,3,/etc/ld.so.cache,,,,1.40205E+14,524288
2024-11-19T14:24:54.915Z,openat,2758,2664,1000,3,/lib/x86_64-linux-gnu/libaudit.so.1,,,,1.40205E+14,524288
2024-11-19T14:24:54.915Z,openat,2758,2664,1000,ENOENT,/usr/lib/sudo/libselinux.so.1,,,,1.40736E+14,524288
2024-11-19T14:24:54.915Z,openat,2758,2664,1000,3,/lib/x86_64-linux-gnu/libselinux.so.1,,,,1.40205E+14,524288
2024-11-19T14:24:54.915Z,openat,2758,2664,1000,ENOENT,/usr/lib/sudo/libutil.so.1,,,,1.40736E+14,524288
2024-11-19T14:24:54.915Z,openat,2758,2664,1000,3,/lib/x86_64-linux-gnu/libutil.so.1,,,,1.40205E+14,524288
2024-11-19T14:24:54.915Z,openat,2758,2664,1000,3,/usr/lib/sudo/libsudo_util.so.0,,,,1.40736E+14,524288
2024-11-19T14:24:54.915Z,openat,2758,2664,1000,ENOENT,/usr/lib/sudo/libc.so.6,,,,1.40736E+14,524288
2024-11-19T14:24:54.915Z,openat,2758,2664,1000,3,/lib/x86_64-linux-gnu/libc.so.6,,,,1.40205E+14,524288
2024-11-19T14:24:54.923Z,openat,2758,2664,1000,3,/lib/x86_64-linux-gnu/libcap-ng.so.0,,,,1.40205E+14,524288
2024-11-19T14:24:54.923Z,openat,2758,2664,1000,3,/lib/x86_64-linux-gnu/libpcre2-8.so.0,,,,1.40205E+14,524288
2024-11-19T14:24:54.923Z,openat,2758,2664,1000,3,/lib/x86_64-linux-gnu/libdl.so.2,,,,1.40205E+14,524288
2024-11-19T14:24:54.923Z,openat,2758,2664,1000,3,/lib/x86_64-linux-gnu/libpthread.so.0,,,,1.40205E+14,524288
2024-11-19T14:24:54.923Z,statfs,2758,2664,1000,ENOENT,/sys/fs/selinux,,,,,
2024-11-19T14:24:54.923Z,statfs,2758,2664,1000,ENOENT,/selinux,,,,,
2024-11-19T14:24:54.923Z,openat,2758,2664,1000,3,/proc/filesystems,,,,1.40205E+14,524288
2024-11-19T14:24:54.923Z,access,2758,2664,1000,ENOENT,/etc/selinux/config,,,,,
2024-11-19T14:24:54.923Z,openat,2758,2664,1000,3,/usr/lib/locale/locale-archive,,,,1.40205E+14,524288
2024-11-19T14:24:54.923Z,openat,2758,2664,1000,3,/etc/localtime,,,,1.40205E+14,524288
2024-11-19T14:24:54.923Z,stat,2758,2664,1000,ENOENT,/etc/sudo.conf,,,,,
2024-11-19T14:24:54.923Z,stat,2758,2664,1000,ENOENT,/etc/sudo.conf,,,,,
2024-11-19T14:24:54.923Z,openat,2758,2664,1000,3,/dev/tty,,,,9.39573E+13,2
2024-11-19T14:24:54.927Z,openat,2758,2664,1000,3,/etc/nsswitch.conf,,,,1.40205E+14,524288
2024-11-19T14:24:54.927Z,openat,2758,2664,1000,3,/etc/ld.so.cache,,,,1.40205E+14,524288
2024-11-19T14:24:54.927Z,openat,2758,2664,1000,3,/lib/x86_64-linux-gnu/libnss_files.so.2,,,,9.39573E+13,524288
2024-11-19T14:24:54.927Z,openat,2758,2664,1000,3,/etc/passwd,,,,1.40205E+14,524288
2024-11-19T14:24:54.931Z,openat,2758,2664,1000,3,/proc/sys/kernel/ngroups_max,,,,1.40205E+14,0
2024-11-19T14:24:54.931Z,openat,2758,2664,1000,3,/proc/self/stat,,,,1.40736E+14,131072
2024-11-19T14:24:54.931Z,stat,2758,2664,1000,0,/dev/console,,,,,
2024-11-19T14:24:54.931Z,stat,2758,2664,1000,0,/dev/pts/0,,,,,
2024-11-19T14:24:54.931Z,stat,2758,2664,1000,0,/usr/lib/sudo/sudoers.so,,,,,
2024-11-19T14:24:54.931Z,openat,2758,2664,1000,3,/usr/lib/sudo/sudoers.so,,,,9.39573E+13,524288
2024-11-19T14:24:54.931Z,openat,2758,2664,1000,ENOENT,/usr/lib/sudo/libpam.so.0,,,,1.40736E+14,524288
2024-11-19T14:24:54.931Z,openat,2758,2664,1000,3,/etc/ld.so.cache,,,,1.40205E+14,524288
2024-11-19T14:24:54.931Z,openat,2758,2664,1000,3,/lib/x86_64-linux-gnu/libpam.so.0,,,,9.39573E+13,524288
2024-11-19T14:24:54.931Z,stat,2758,2664,1000,0,/usr/lib/sudo/sudoers.so,,,,,
2024-11-19T14:24:54.931Z,openat,2758,2664,1000,3,/usr/share/locale/locale.alias,,,,1.40736E+14,524288
2024-11-19T14:24:54.931Z,openat,2758,2664,1000,ENOENT,/usr/share/locale/en_SG/LC_MESSAGES/sudoers.mo,,,,9.39573E+13,0
2024-11-19T14:24:54.931Z,openat,2758,2664,1000,ENOENT,/usr/share/locale/en/LC_MESSAGES/sudoers.mo,,,,9.39573E+13,0
2024-11-19T14:24:54.931Z,openat,2758,2664,1000,ENOENT,/usr/share/locale-langpack/en_SG/LC_MESSAGES/sudoers.mo,,,,9.39573E+13,0
2024-11-19T14:24:54.931Z,openat,2758,2664,1000,ENOENT,/usr/share/locale-langpack/en/LC_MESSAGES/sudoers.mo,,,,9.39573E+13,0
2024-11-19T14:24:54.931Z,openat,2758,2664,1000,3,/etc/passwd,,,,1.40205E+14,524288
2024-11-19T14:24:54.931Z,openat,2758,2664,1000,3,/etc/passwd,,,,1.40205E+14,524288
2024-11-19T14:24:54.931Z,openat,2758,2664,1000,3,/etc/nsswitch.conf,,,,1.40205E+14,0
2024-11-19T14:24:54.931Z,stat,2758,2664,0,0,/etc/sudoers,,,,,
2024-11-19T14:24:54.931Z,openat,2758,2664,0,3,/etc/sudoers,,,,1.40205E+14,0
2024-11-19T14:24:54.931Z,stat,2758,2664,0,0,/etc/sudoers.d,,,,,
2024-11-19T14:24:54.931Z,openat,2758,2664,0,4,/etc/sudoers.d,,,,9.39573E+13,591872
2024-11-19T14:24:54.939Z,stat,2758,2664,0,0,/etc/sudoers.d/README,,,,,
2024-11-19T14:24:54.939Z,stat,2758,2664,0,0,/etc/sudoers.d/README,,,,,
2024-11-19T14:24:54.939Z,openat,2758,2664,0,4,/etc/sudoers.d/README,,,,9.39573E+13,0
2024-11-19T14:24:54.939Z,stat,2758,2664,0,0,/etc/resolv.conf,,,,,
2024-11-19T14:24:54.939Z,openat,2758,2664,0,4,/etc/host.conf,,,,1.40205E+14,524288
2024-11-19T14:24:54.939Z,openat,2758,2664,0,4,/etc/resolv.conf,,,,1.40205E+14,524288
2024-11-19T14:24:54.939Z,openat,2758,2664,0,4,/etc/hosts,,,,1.40205E+14,524288
2024-11-19T14:24:54.939Z,openat,2758,2664,1000,4,/proc/sys/kernel/ngroups_max,,,,1.40205E+14,0
2024-11-19T14:24:54.943Z,openat,2758,2664,1000,4,/etc/group,,,,1.40205E+14,524288
2024-11-19T14:24:54.943Z,openat,2758,2664,1000,4,/etc/ld.so.cache,,,,1.40205E+14,524288
2024-11-19T14:24:54.943Z,openat,2758,2664,1000,4,/lib/x86_64-linux-gnu/libnss_systemd.so.2,,,,9.39573E+13,524288
2024-11-19T14:24:54.943Z,stat,2758,2664,1000,0,/home/student/Downloads/program11,,,,,
2024-11-19T14:24:54.943Z,openat,2758,2664,1000,4,/etc/group,,,,1.40205E+14,524288
2024-11-19T14:24:54.943Z,openat,2758,2664,1000,4,/etc/group,,,,1.40205E+14,524288
2024-11-19T14:24:54.943Z,openat,2758,2664,1000,4,/etc/group,,,,1.40205E+14,524288
2024-11-19T14:24:54.943Z,openat,2758,2664,1000,4,/etc/group,,,,1.40205E+14,524288
2024-11-19T14:24:54.943Z,openat,2758,2664,1000,4,/etc/group,,,,1.40205E+14,524288
2024-11-19T14:24:54.951Z,openat,2758,2664,1000,4,/etc/group,,,,1.40205E+14,524288
2024-11-19T14:24:54.951Z,openat,2758,2664,1000,4,/etc/group,,,,1.40205E+14,524288
2024-11-19T14:24:54.951Z,openat,2758,2664,1000,4,/etc/group,,,,1.40205E+14,524288
2024-11-19T14:24:54.951Z,openat,2758,2664,1000,4,/etc/group,,,,1.40205E+14,524288
2024-11-19T14:24:54.951Z,stat,2758,2664,1000,0,/etc/pam.d,,,,,
2024-11-19T14:24:54.951Z,openat,2758,2664,1000,4,/etc/pam.d/sudo,,,,9.39573E+13,0
2024-11-19T14:24:54.951Z,openat,2758,2664,1000,5,/lib/x86_64-linux-gnu/security/pam_env.so,,,,9.39573E+13,524288
2024-11-19T14:24:54.951Z,stat,2758,2664,1000,0,/etc/pam.d,,,,,
2024-11-19T14:24:54.951Z,openat,2758,2664,1000,5,/etc/pam.d/common-auth,,,,9.39573E+13,0
2024-11-19T14:24:54.951Z,openat,2758,2664,1000,6,/lib/x86_64-linux-gnu/security/pam_unix.so,,,,9.39573E+13,524288
2024-11-19T14:24:54.951Z,openat,2758,2664,1000,6,/etc/ld.so.cache,,,,1.40205E+14,524288
2024-11-19T14:24:54.951Z,openat,2758,2664,1000,6,/lib/x86_64-linux-gnu/libcrypt.so.1,,,,9.39573E+13,524288
2024-11-19T14:24:54.959Z,openat,2758,2664,1000,6,/lib/x86_64-linux-gnu/libnsl.so.1,,,,9.39573E+13,524288
2024-11-19T14:24:54.959Z,openat,2758,2664,1000,6,/lib/x86_64-linux-gnu/security/pam_deny.so,,,,9.39573E+13,524288
2024-11-19T14:24:54.959Z,openat,2758,2664,1000,6,/lib/x86_64-linux-gnu/security/pam_permit.so,,,,9.39573E+13,524288
2024-11-19T14:24:54.959Z,openat,2758,2664,1000,6,/lib/x86_64-linux-gnu/security/pam_cap.so,,,,9.39573E+13,524288
2024-11-19T14:24:54.959Z,openat,2758,2664,1000,6,/etc/ld.so.cache,,,,1.40205E+14,524288
2024-11-19T14:24:54.959Z,openat,2758,2664,1000,6,/lib/x86_64-linux-gnu/libcap.so.2,,,,9.39573E+13,524288
2024-11-19T14:24:54.959Z,stat,2758,2664,1000,0,/etc/pam.d,,,,,
2024-11-19T14:24:54.959Z,openat,2758,2664,1000,5,/etc/pam.d/common-account,,,,9.39573E+13,0
2024-11-19T14:24:54.959Z,stat,2758,2664,1000,0,/etc/pam.d,,,,,
2024-11-19T14:24:54.959Z,openat,2758,2664,1000,5,/etc/pam.d/common-session-noninteractive,,,,9.39573E+13,0
2024-11-19T14:24:54.959Z,openat,2758,2664,1000,6,/lib/x86_64-linux-gnu/security/pam_umask.so,,,,9.39573E+13,524288
2024-11-19T14:24:54.959Z,openat,2758,2664,1000,4,/etc/pam.d/other,,,,9.39573E+13,0
2024-11-19T14:24:54.959Z,stat,2758,2664,1000,0,/etc/pam.d,,,,,
2024-11-19T14:24:54.959Z,openat,2758,2664,1000,5,/etc/pam.d/common-auth,,,,9.39573E+13,0
2024-11-19T14:24:54.959Z,stat,2758,2664,1000,0,/etc/pam.d,,,,,
2024-11-19T14:24:54.959Z,openat,2758,2664,1000,5,/etc/pam.d/common-account,,,,9.39573E+13,0
2024-11-19T14:24:54.959Z,stat,2758,2664,1000,0,/etc/pam.d,,,,,
2024-11-19T14:24:54.959Z,openat,2758,2664,1000,5,/etc/pam.d/common-password,,,,9.39573E+13,0
2024-11-19T14:24:54.959Z,openat,2758,2664,1000,6,/lib/x86_64-linux-gnu/security/pam_gnome_keyring.so,,,,9.39573E+13,524288
2024-11-19T14:24:54.959Z,stat,2758,2664,1000,0,/etc/pam.d,,,,,
2024-11-19T14:24:54.959Z,openat,2758,2664,1000,5,/etc/pam.d/common-session,,,,9.39573E+13,0
2024-11-19T14:24:54.959Z,openat,2758,2664,1000,6,/lib/x86_64-linux-gnu/security/pam_systemd.so,,,,9.39573E+13,524288
2024-11-19T14:24:54.963Z,openat,2758,2664,1000,6,/etc/ld.so.cache,,,,1.40205E+14,524288
2024-11-19T14:24:54.963Z,openat,2758,2664,1000,6,/lib/x86_64-linux-gnu/libpam_misc.so.0,,,,9.39573E+13,524288
2024-11-19T14:24:54.963Z,stat,2758,2664,1000,0,/run/sudo/ts,,,,,
2024-11-19T14:24:54.963Z,openat,2758,2664,1000,4,/run/sudo/ts/student,,,,9.39573E+13,66
2024-11-19T14:24:54.963Z,openat,2758,2664,1000,5,/proc/stat,,,,1.40205E+14,0
2024-11-19T14:24:54.967Z,stat,2758,2664,1000,0,/dev/pts/0,,,,,
2024-11-19T14:24:54.967Z,openat,2758,2664,1000,5,/proc/1692/stat,,,,1.40736E+14,131072
2024-11-19T14:24:54.967Z,openat,2758,2664,1000,5,/etc/login.defs,,,,1.40205E+14,0
2024-11-19T14:24:54.967Z,openat,2758,2664,1000,5,/etc/passwd,,,,1.40205E+14,524288
2024-11-19T14:24:54.967Z,openat,2758,2664,1000,5,/etc/shadow,,,,1.40205E+14,524288
2024-11-19T14:24:54.967Z,readlink,2758,2664,1000,13,/proc/self/exe,,,,,
2024-11-19T14:24:54.967Z,openat,2758,2664,1000,EEXIST,/home/student/.sudo_as_admin_successful,,,,1.40736E+14,2241
2024-11-19T14:24:54.971Z,readlink,2758,2664,1000,10,/proc/self/fd/0,,,,,
2024-11-19T14:24:54.971Z,stat,2758,2664,1000,0,/dev/pts/0,,,,,
2024-11-19T14:24:54.971Z,lstat,2758,2664,1000,0,/dev/pts/0,,,,,
2024-11-19T14:24:54.971Z,openat,2758,2664,1000,4,/etc/passwd,,,,1.40205E+14,524288
2024-11-19T14:24:54.971Z,openat,2758,2664,1000,4,/etc/passwd,,,,1.40205E+14,524288
2024-11-19T14:24:54.971Z,openat,2758,2664,0,4,/etc/login.defs,,,,1.40205E+14,0
2024-11-19T14:24:54.971Z,openat,2758,2664,0,4,/etc/passwd,,,,1.40205E+14,524288
2024-11-19T14:24:54.971Z,openat,2758,2664,0,4,/etc/group,,,,1.40205E+14,524288
2024-11-19T14:24:54.975Z,openat,2758,2664,0,4,/etc/group,,,,1.40205E+14,524288
2024-11-19T14:24:54.975Z,openat,2758,2664,0,4,/etc/security/capability.conf,,,,1.40205E+14,0
2024-11-19T14:24:54.979Z,openat,2758,2664,0,4,/etc/security/pam_env.conf,,,,1.40205E+14,0
2024-11-19T14:24:54.979Z,openat,2758,2664,0,4,/etc/environment,,,,1.40205E+14,0
2024-11-19T14:24:54.979Z,openat,2758,2664,0,4,/etc/security/pam_env.conf,,,,1.40205E+14,0
2024-11-19T14:24:54.979Z,openat,2758,2664,0,4,/etc/default/locale,,,,9.39573E+13,0
2024-11-19T14:24:54.979Z,openat,2758,2664,0,4,/etc/login.defs,,,,1.40205E+14,0
2024-11-19T14:24:54.979Z,openat,2758,2664,0,4,/etc/login.defs,,,,1.40205E+14,0
2024-11-19T14:24:54.979Z,openat,2758,2664,0,4,/etc/passwd,,,,1.40205E+14,524288
2024-11-19T14:24:54.979Z,openat,2758,2664,0,4,/etc/login.defs,,,,1.40205E+14,0
2024-11-19T14:24:54.979Z,access,2758,2664,0,ENOENT,/var/run/utmpx,,,,,
2024-11-19T14:24:54.979Z,openat,2758,2664,0,4,/var/run/utmp,,,,1.40205E+14,524288
2024-11-19T14:24:54.983Z,openat,2759,2758,0,3,/proc/self/fd,,,,1.40205E+14,591872
2024-11-19T14:24:54.983Z,execve,2759,2758,0,0,/home/student/Downloads/program11,,,,,
2024-11-19T14:24:54.987Z,access,2759,2758,0,ENOENT,/etc/ld.so.preload,,,,,
2024-11-19T14:24:54.987Z,openat,2759,2758,0,3,/etc/ld.so.cache,,,,1.40074E+14,524288
2024-11-19T14:24:54.987Z,openat,2759,2758,0,3,/lib/x86_64-linux-gnu/libc.so.6,,,,1.40074E+14,524288
2024-11-19T14:24:54.987Z,openat,2759,2758,0,3,/home/student/secret/secret.txt,,,,9.44155E+13,0
2024-11-19T14:24:54.987Z,openat,2759,2758,0,4,/home/attacker/output.txt,,,,9.44155E+13,577
2024-11-19T14:24:54.991Z,openat,2758,2664,0,5,/etc/login.defs,,,,1.40205E+14,0
2024-11-19T14:24:54.991Z,openat,2758,2664,0,5,/etc/login.defs,,,,1.40205E+14,0
2024-11-19T14:24:54.995Z,openat,2664,1692,1000,3,/home/student/Downloads/,,,,9.48989E+13,591872
2024-11-19T14:24:54.995Z,stat,2664,1692,1000,0,.,,,,,
2024-11-19T14:24:54.995Z,stat,2664,1692,1000,ENOENT,/usr/local/sbin/rm,,,,,
2024-11-19T14:24:54.995Z,stat,2664,1692,1000,ENOENT,/usr/local/bin/rm,,,,,
2024-11-19T14:24:54.995Z,stat,2664,1692,1000,ENOENT,/usr/sbin/rm,,,,,
2024-11-19T14:24:54.995Z,stat,2664,1692,1000,0,/usr/bin/rm,,,,,
2024-11-19T14:24:54.995Z,stat,2664,1692,1000,0,/usr/bin/rm,,,,,
2024-11-19T14:24:54.995Z,access,2664,1692,1000,0,/usr/bin/rm,,,,,
2024-11-19T14:24:54.995Z,stat,2664,1692,1000,0,/usr/bin/rm,,,,,
2024-11-19T14:24:54.995Z,access,2664,1692,1000,0,/usr/bin/rm,,,,,
2024-11-19T14:24:54.999Z,stat,2664,1692,1000,0,/usr/bin/rm,,,,,
2024-11-19T14:24:54.999Z,stat,2664,1692,1000,0,/usr/bin/rm,,,,,
2024-11-19T14:24:54.999Z,access,2664,1692,1000,0,/usr/bin/rm,,,,,
2024-11-19T14:24:54.999Z,stat,2664,1692,1000,0,/usr/bin/rm,,,,,
2024-11-19T14:24:54.999Z,access,2664,1692,1000,0,/usr/bin/rm,,,,,
2024-11-19T14:24:54.999Z,execve,2760,2664,1000,0,/usr/bin/rm,,,,,
2024-11-19T14:24:54.999Z,access,2760,2664,1000,ENOENT,/etc/ld.so.preload,,,,,
2024-11-19T14:24:54.999Z,openat,2760,2664,1000,3,/etc/ld.so.cache,,,,1.40542E+14,524288
2024-11-19T14:24:54.999Z,openat,2760,2664,1000,3,/lib/x86_64-linux-gnu/libc.so.6,,,,1.40542E+14,524288
2024-11-19T14:24:54.999Z,openat,2760,2664,1000,3,/usr/lib/locale/locale-archive,,,,1.40542E+14,524288
2024-11-19T14:24:54.999Z,lstat,2760,2664,1000,0,/,,,,,
2024-11-19T14:24:54.999Z,newfstatat,2760,2664,1000,0,/home/student/Downloads/program1,,,,,
2024-11-19T14:24:54.999Z,unlinkat,2760,2664,1000,0,/home/student/Downloads/program1,,,,,
2024-11-19T14:24:54.999Z,newfstatat,2760,2664,1000,0,/home/student/Downloads/program10,,,,,
2024-11-19T14:24:54.999Z,unlinkat,2760,2664,1000,0,/home/student/Downloads/program10,,,,,
2024-11-19T14:24:54.999Z,newfstatat,2760,2664,1000,0,/home/student/Downloads/program11,,,,,
2024-11-19T14:24:54.999Z,unlinkat,2760,2664,1000,0,/home/student/Downloads/program11,,,,,
2024-11-19T14:24:54.999Z,newfstatat,2760,2664,1000,0,/home/student/Downloads/program2,,,,,
2024-11-19T14:24:54.999Z,unlinkat,2760,2664,1000,0,/home/student/Downloads/program2,,,,,
2024-11-19T14:24:54.999Z,newfstatat,2760,2664,1000,0,/home/student/Downloads/program3,,,,,
2024-11-19T14:24:54.999Z,unlinkat,2760,2664,1000,0,/home/student/Downloads/program3,,,,,
2024-11-19T14:24:54.999Z,newfstatat,2760,2664,1000,0,/home/student/Downloads/program4,,,,,
2024-11-19T14:24:54.999Z,unlinkat,2760,2664,1000,0,/home/student/Downloads/program4,,,,,
2024-11-19T14:24:54.999Z,newfstatat,2760,2664,1000,0,/home/student/Downloads/program5,,,,,
2024-11-19T14:24:54.999Z,unlinkat,2760,2664,1000,0,/home/student/Downloads/program5,,,,,
2024-11-19T14:24:54.999Z,newfstatat,2760,2664,1000,0,/home/student/Downloads/program6,,,,,
2024-11-19T14:24:54.999Z,unlinkat,2760,2664,1000,0,/home/student/Downloads/program6,,,,,
2024-11-19T14:24:54.999Z,newfstatat,2760,2664,1000,0,/home/student/Downloads/program7,,,,,
2024-11-19T14:24:54.999Z,unlinkat,2760,2664,1000,0,/home/student/Downloads/program7,,,,,
2024-11-19T14:24:54.999Z,newfstatat,2760,2664,1000,0,/home/student/Downloads/program8,,,,,
2024-11-19T14:24:54.999Z,unlinkat,2760,2664,1000,0,/home/student/Downloads/program8,,,,,
2024-11-19T14:24:54.999Z,newfstatat,2760,2664,1000,0,/home/student/Downloads/program9,,,,,
2024-11-19T14:24:54.999Z,unlinkat,2760,2664,1000,0,/home/student/Downloads/program9,,,,,
2024-11-19T14:24:55.003Z,lstat,1528,1520,1000,ENOENT,/home/student/Downloads/program1,,,,,
2024-11-19T14:24:55.003Z,lstat,1528,1520,1000,ENOENT,/home/student/Downloads/program1,,,,,
2024-11-19T14:24:55.003Z,lstat,1528,1520,1000,ENOENT,/home/student/Downloads/program10,,,,,
2024-11-19T14:24:55.003Z,lstat,1528,1520,1000,ENOENT,/home/student/Downloads/program10,,,,,
2024-11-19T14:24:55.003Z,lstat,1528,1520,1000,ENOENT,/home/student/Downloads/program11,,,,,
2024-11-19T14:24:55.003Z,lstat,1528,1520,1000,ENOENT,/home/student/Downloads/program11,,,,,
2024-11-19T14:24:55.003Z,lstat,1528,1520,1000,ENOENT,/home/student/Downloads/program2,,,,,
2024-11-19T14:24:55.003Z,lstat,1528,1520,1000,ENOENT,/home/student/Downloads/program2,,,,,
2024-11-19T14:24:55.003Z,lstat,1528,1520,1000,ENOENT,/home/student/Downloads/program3,,,,,
2024-11-19T14:24:55.003Z,lstat,1528,1520,1000,ENOENT,/home/student/Downloads/program3,,,,,
2024-11-19T14:24:55.007Z,lstat,1528,1520,1000,ENOENT,/home/student/Downloads/program4,,,,,
2024-11-19T14:24:55.007Z,lstat,1528,1520,1000,ENOENT,/home/student/Downloads/program4,,,,,
2024-11-19T14:24:55.007Z,lstat,1528,1520,1000,ENOENT,/home/student/Downloads/program5,,,,,
2024-11-19T14:24:55.007Z,lstat,1528,1520,1000,ENOENT,/home/student/Downloads/program5,,,,,
2024-11-19T14:24:55.011Z,lstat,1528,1520,1000,ENOENT,/home/student/Downloads/program6,,,,,
2024-11-19T14:24:55.011Z,lstat,1528,1520,1000,ENOENT,/home/student/Downloads/program6,,,,,
2024-11-19T14:24:55.011Z,lstat,1528,1520,1000,ENOENT,/home/student/Downloads/program7,,,,,
2024-11-19T14:24:55.011Z,lstat,1528,1520,1000,ENOENT,/home/student/Downloads/program7,,,,,
2024-11-19T14:24:55.011Z,lstat,1528,1520,1000,ENOENT,/home/student/Downloads/program8,,,,,
2024-11-19T14:24:55.011Z,lstat,1528,1520,1000,ENOENT,/home/student/Downloads/program8,,,,,
2024-11-19T14:24:55.011Z,lstat,1528,1520,1000,ENOENT,/home/student/Downloads/program9,,,,,
2024-11-19T14:24:55.011Z,lstat,1528,1520,1000,ENOENT,/home/student/Downloads/program9,,,,,
2024-11-19T14:24:55.015Z,execve,2761,2664,1000,0,/usr/bin/sudo,,,,,
2024-11-19T14:24:55.015Z,access,2761,2664,1000,ENOENT,/etc/suid-debug,,,,,
2024-11-19T14:24:55.015Z,access,2761,2664,1000,ENOENT,/etc/suid-debug,,,,,
2024-11-19T14:24:55.015Z,access,2761,2664,1000,ENOENT,/etc/ld.so.preload,,,,,
2024-11-19T14:24:55.015Z,openat,2761,2664,1000,ENOENT,/usr/lib/sudo/tls/haswell/x86_64/libaudit.so.1,,,,1.40735E+14,524288
2024-11-19T14:24:55.015Z,stat,2761,2664,1000,ENOENT,/usr/lib/sudo/tls/haswell/x86_64,,,,,
2024-11-19T14:24:55.015Z,openat,2761,2664,1000,ENOENT,/usr/lib/sudo/tls/haswell/libaudit.so.1,,,,1.40735E+14,524288
2024-11-19T14:24:55.015Z,stat,2761,2664,1000,ENOENT,/usr/lib/sudo/tls/haswell,,,,,
2024-11-19T14:24:55.015Z,openat,2761,2664,1000,ENOENT,/usr/lib/sudo/tls/x86_64/libaudit.so.1,,,,1.40735E+14,524288
2024-11-19T14:24:55.015Z,stat,2761,2664,1000,ENOENT,/usr/lib/sudo/tls/x86_64,,,,,
2024-11-19T14:24:55.015Z,openat,2761,2664,1000,ENOENT,/usr/lib/sudo/tls/libaudit.so.1,,,,1.40735E+14,524288
2024-11-19T14:24:55.015Z,stat,2761,2664,1000,ENOENT,/usr/lib/sudo/tls,,,,,
2024-11-19T14:24:55.015Z,openat,2761,2664,1000,ENOENT,/usr/lib/sudo/haswell/x86_64/libaudit.so.1,,,,1.40735E+14,524288
2024-11-19T14:24:55.015Z,stat,2761,2664,1000,ENOENT,/usr/lib/sudo/haswell/x86_64,,,,,
2024-11-19T14:24:55.015Z,openat,2761,2664,1000,ENOENT,/usr/lib/sudo/haswell/libaudit.so.1,,,,1.40735E+14,524288
2024-11-19T14:24:55.015Z,stat,2761,2664,1000,ENOENT,/usr/lib/sudo/haswell,,,,,
2024-11-19T14:24:55.015Z,openat,2761,2664,1000,ENOENT,/usr/lib/sudo/x86_64/libaudit.so.1,,,,1.40735E+14,524288
2024-11-19T14:24:55.015Z,stat,2761,2664,1000,ENOENT,/usr/lib/sudo/x86_64,,,,,
2024-11-19T14:24:55.015Z,openat,2761,2664,1000,ENOENT,/usr/lib/sudo/libaudit.so.1,,,,1.40735E+14,524288
2024-11-19T14:24:55.015Z,stat,2761,2664,1000,0,/usr/lib/sudo,,,,,
2024-11-19T14:24:55.015Z,openat,2761,2664,1000,3,/etc/ld.so.cache,,,,1.40454E+14,524288
2024-11-19T14:24:55.015Z,openat,2761,2664,1000,3,/lib/x86_64-linux-gnu/libaudit.so.1,,,,1.40454E+14,524288
2024-11-19T14:24:55.015Z,openat,2761,2664,1000,ENOENT,/usr/lib/sudo/libselinux.so.1,,,,1.40735E+14,524288
2024-11-19T14:24:55.015Z,openat,2761,2664,1000,3,/lib/x86_64-linux-gnu/libselinux.so.1,,,,1.40454E+14,524288
2024-11-19T14:24:55.023Z,statfs,2675,1520,1000,0,/home/student/.cache/tracker,,,,,
2024-11-19T14:24:55.027Z,openat,2761,2664,1000,3,/lib/x86_64-linux-gnu/libutil.so.1,,,,1.40454E+14,524288
2024-11-19T14:24:55.027Z,openat,2761,2664,1000,3,/usr/lib/sudo/libsudo_util.so.0,,,,1.40735E+14,524288
2024-11-19T14:24:55.027Z,openat,2761,2664,1000,ENOENT,/usr/lib/sudo/libc.so.6,,,,1.40735E+14,524288
2024-11-19T14:24:55.027Z,openat,2761,2664,1000,3,/lib/x86_64-linux-gnu/libc.so.6,,,,1.40454E+14,524288
2024-11-19T14:24:55.027Z,openat,2761,2664,1000,3,/lib/x86_64-linux-gnu/libcap-ng.so.0,,,,1.40454E+14,524288
2024-11-19T14:24:55.027Z,openat,2761,2664,1000,3,/lib/x86_64-linux-gnu/libpcre2-8.so.0,,,,1.40454E+14,524288
2024-11-19T14:24:55.027Z,openat,2761,2664,1000,3,/lib/x86_64-linux-gnu/libdl.so.2,,,,1.40454E+14,524288
2024-11-19T14:24:55.027Z,openat,2761,2664,1000,3,/lib/x86_64-linux-gnu/libpthread.so.0,,,,1.40454E+14,524288
2024-11-19T14:24:55.027Z,statfs,2761,2664,1000,ENOENT,/sys/fs/selinux,,,,,
2024-11-19T14:24:55.035Z,statfs,2761,2664,1000,ENOENT,/selinux,,,,,
2024-11-19T14:24:55.039Z,openat,2761,2664,1000,3,/proc/filesystems,,,,1.40454E+14,524288
2024-11-19T14:24:55.039Z,access,2761,2664,1000,ENOENT,/etc/selinux/config,,,,,
2024-11-19T14:24:55.039Z,openat,2761,2664,1000,3,/usr/lib/locale/locale-archive,,,,1.40454E+14,524288
2024-11-19T14:24:55.039Z,openat,2761,2664,1000,3,/etc/localtime,,,,1.40454E+14,524288
2024-11-19T14:24:55.039Z,stat,2761,2664,1000,ENOENT,/etc/sudo.conf,,,,,
2024-11-19T14:24:55.039Z,stat,2761,2664,1000,ENOENT,/etc/sudo.conf,,,,,
2024-11-19T14:24:55.039Z,openat,2761,2664,1000,3,/dev/tty,,,,9.42139E+13,2
2024-11-19T14:24:55.039Z,openat,2761,2664,1000,3,/etc/nsswitch.conf,,,,1.40454E+14,524288
2024-11-19T14:24:55.039Z,openat,2761,2664,1000,3,/etc/ld.so.cache,,,,1.40454E+14,524288
2024-11-19T14:24:55.039Z,openat,2761,2664,1000,3,/lib/x86_64-linux-gnu/libnss_files.so.2,,,,9.42139E+13,524288
2024-11-19T14:24:55.051Z,openat,2761,2664,1000,3,/proc/sys/kernel/ngroups_max,,,,1.40454E+14,0
2024-11-19T14:24:55.051Z,openat,2761,2664,1000,3,/proc/self/stat,,,,1.40735E+14,131072
2024-11-19T14:24:55.051Z,stat,2761,2664,1000,0,/dev/console,,,,,
2024-11-19T14:24:55.051Z,stat,2761,2664,1000,0,/dev/pts/0,,,,,
2024-11-19T14:24:55.051Z,stat,2761,2664,1000,0,/usr/lib/sudo/sudoers.so,,,,,
2024-11-19T14:24:55.051Z,openat,2761,2664,1000,3,/usr/lib/sudo/sudoers.so,,,,9.42139E+13,524288
2024-11-19T14:24:55.051Z,openat,2761,2664,1000,ENOENT,/usr/lib/sudo/libpam.so.0,,,,1.40735E+14,524288
2024-11-19T14:24:55.051Z,openat,2761,2664,1000,3,/etc/ld.so.cache,,,,1.40454E+14,524288
2024-11-19T14:24:55.051Z,openat,2761,2664,1000,3,/lib/x86_64-linux-gnu/libpam.so.0,,,,9.42139E+13,524288
2024-11-19T14:24:55.051Z,stat,2761,2664,1000,0,/usr/lib/sudo/sudoers.so,,,,,
2024-11-19T14:24:55.051Z,openat,2761,2664,1000,3,/usr/share/locale/locale.alias,,,,1.40735E+14,524288
2024-11-19T14:24:55.051Z,openat,2761,2664,1000,ENOENT,/usr/share/locale/en_SG/LC_MESSAGES/sudoers.mo,,,,9.42139E+13,0
2024-11-19T14:24:55.051Z,openat,2761,2664,1000,ENOENT,/usr/share/locale/en/LC_MESSAGES/sudoers.mo,,,,9.42139E+13,0
2024-11-19T14:24:55.051Z,openat,2761,2664,1000,ENOENT,/usr/share/locale-langpack/en_SG/LC_MESSAGES/sudoers.mo,,,,9.42139E+13,0
2024-11-19T14:24:55.051Z,openat,2761,2664,1000,ENOENT,/usr/share/locale-langpack/en/LC_MESSAGES/sudoers.mo,,,,9.42139E+13,0
2024-11-19T14:24:55.051Z,openat,2761,2664,1000,3,/etc/passwd,,,,1.40454E+14,524288
2024-11-19T14:24:55.051Z,openat,2761,2664,1000,3,/etc/passwd,,,,1.40454E+14,524288
2024-11-19T14:24:55.051Z,openat,2761,2664,1000,3,/etc/nsswitch.conf,,,,1.40454E+14,0
2024-11-19T14:24:55.051Z,stat,2761,2664,0,0,/etc/sudoers,,,,,
2024-11-19T14:24:55.051Z,openat,2761,2664,0,3,/etc/sudoers,,,,1.40454E+14,0
2024-11-19T14:24:55.051Z,stat,2761,2664,0,0,/etc/sudoers.d,,,,,
2024-11-19T14:24:55.051Z,openat,2761,2664,0,4,/etc/sudoers.d,,,,9.42139E+13,591872
2024-11-19T14:24:55.051Z,stat,2761,2664,0,0,/etc/sudoers.d/README,,,,,
2024-11-19T14:24:55.051Z,stat,2761,2664,0,0,/etc/sudoers.d/README,,,,,
2024-11-19T14:24:55.063Z,openat,2761,2664,0,4,/etc/sudoers.d/README,,,,9.42139E+13,0
2024-11-19T14:24:55.063Z,stat,2761,2664,0,0,/etc/resolv.conf,,,,,
2024-11-19T14:24:55.063Z,openat,2761,2664,0,4,/etc/host.conf,,,,1.40454E+14,524288
2024-11-19T14:24:55.063Z,openat,2761,2664,0,4,/etc/resolv.conf,,,,1.40454E+14,524288
2024-11-19T14:24:55.063Z,openat,2761,2664,0,4,/etc/hosts,,,,1.40454E+14,524288
2024-11-19T14:24:55.063Z,openat,2761,2664,1000,4,/proc/sys/kernel/ngroups_max,,,,1.40454E+14,0
2024-11-19T14:24:55.063Z,openat,2761,2664,1000,4,/etc/group,,,,1.40454E+14,524288
2024-11-19T14:24:55.071Z,openat,2761,2664,1000,4,/etc/ld.so.cache,,,,1.40454E+14,524288
2024-11-19T14:24:55.071Z,openat,2761,2664,1000,4,/lib/x86_64-linux-gnu/libnss_systemd.so.2,,,,9.42139E+13,524288
2024-11-19T14:24:55.071Z,stat,2761,2664,1000,0,/home/attacker/local/nginx/sbin/nginx,,,,,
2024-11-19T14:24:55.071Z,openat,2761,2664,1000,4,/etc/group,,,,1.40454E+14,524288
2024-11-19T14:24:55.071Z,openat,2761,2664,1000,4,/etc/group,,,,1.40454E+14,524288
2024-11-19T14:24:55.071Z,openat,2761,2664,1000,4,/etc/group,,,,1.40454E+14,524288
2024-11-19T14:24:55.071Z,openat,2761,2664,1000,4,/etc/group,,,,1.40454E+14,524288
2024-11-19T14:24:55.071Z,openat,2761,2664,1000,4,/etc/group,,,,1.40454E+14,524288
2024-11-19T14:24:55.071Z,openat,2761,2664,1000,4,/etc/group,,,,1.40454E+14,524288
2024-11-19T14:24:55.071Z,openat,2761,2664,1000,4,/etc/group,,,,1.40454E+14,524288
2024-11-19T14:24:55.071Z,openat,2761,2664,1000,4,/etc/group,,,,1.40454E+14,524288
2024-11-19T14:24:55.071Z,openat,2761,2664,1000,4,/etc/group,,,,1.40454E+14,524288
2024-11-19T14:24:55.071Z,stat,2761,2664,1000,0,/etc/pam.d,,,,,
2024-11-19T14:24:55.071Z,openat,2761,2664,1000,4,/etc/pam.d/sudo,,,,9.42139E+13,0
2024-11-19T14:24:55.071Z,openat,2761,2664,1000,5,/lib/x86_64-linux-gnu/security/pam_env.so,,,,9.42139E+13,524288
2024-11-19T14:24:55.071Z,stat,2761,2664,1000,0,/etc/pam.d,,,,,
2024-11-19T14:24:55.071Z,openat,2761,2664,1000,5,/etc/pam.d/common-auth,,,,9.42139E+13,0
2024-11-19T14:24:55.071Z,openat,2761,2664,1000,6,/lib/x86_64-linux-gnu/security/pam_unix.so,,,,9.42139E+13,524288
2024-11-19T14:24:55.071Z,openat,2761,2664,1000,6,/etc/ld.so.cache,,,,1.40454E+14,524288
2024-11-19T14:24:55.071Z,openat,2761,2664,1000,6,/lib/x86_64-linux-gnu/libcrypt.so.1,,,,9.42139E+13,524288
2024-11-19T14:24:55.071Z,openat,2761,2664,1000,6,/lib/x86_64-linux-gnu/libnsl.so.1,,,,9.42139E+13,524288
2024-11-19T14:24:55.083Z,openat,2761,2664,1000,6,/lib/x86_64-linux-gnu/security/pam_deny.so,,,,9.42139E+13,524288
2024-11-19T14:24:55.083Z,openat,2761,2664,1000,6,/lib/x86_64-linux-gnu/security/pam_permit.so,,,,9.42139E+13,524288
2024-11-19T14:24:55.123Z,openat,2761,2664,0,5,/etc/login.defs,,,,1.40454E+14,0
2024-11-19T14:24:55.667Z,access,1071,1,0,ENOENT,/var/run/utmpx,,,,,
2024-11-19T14:24:55.667Z,openat,1071,1,0,6,/var/run/utmp,,,,1.39805E+14,524288
2024-11-19T14:24:55.675Z,openat,623,1,103,ENOENT,/usr/local/share/dbus-1/system-services,,,,9.46372E+13,591872
2024-11-19T14:24:55.675Z,openat,623,1,103,27,/usr/share/dbus-1/system-services,,,,9.46372E+13,591872
2024-11-19T14:24:55.675Z,stat,623,1,103,0,/usr/share/dbus-1/system-services/org.freedesktop.timesync1.service,,,,,
2024-11-19T14:24:55.675Z,stat,623,1,103,0,/usr/share/dbus-1/system-services/org.freedesktop.thermald.service,,,,,
2024-11-19T14:24:55.675Z,stat,623,1,103,0,/usr/share/dbus-1/system-services/org.freedesktop.network1.service,,,,,
2024-11-19T14:24:55.675Z,stat,623,1,103,0,/usr/share/dbus-1/system-services/org.freedesktop.systemd1.service,,,,,
2024-11-19T14:24:55.675Z,stat,623,1,103,0,/usr/share/dbus-1/system-services/org.freedesktop.Accounts.service,,,,,
2024-11-19T14:24:55.675Z,stat,623,1,103,0,/usr/share/dbus-1/system-services/org.freedesktop.ModemManager1.service,,,,,
2024-11-19T14:24:55.675Z,stat,623,1,103,0,/usr/share/dbus-1/system-services/org.freedesktop.fwupd.service,,,,,
2024-11-19T14:24:55.675Z,stat,623,1,103,0,/usr/share/dbus-1/system-services/net.reactivated.Fprint.service,,,,,
2024-11-19T14:24:55.675Z,stat,623,1,103,0,/usr/share/dbus-1/system-services/org.freedesktop.hostname1.service,,,,,
2024-11-19T14:24:55.675Z,stat,623,1,103,0,/usr/share/dbus-1/system-services/org.freedesktop.PolicyKit1.service,,,,,
2024-11-19T14:24:55.675Z,stat,623,1,103,0,/usr/share/dbus-1/system-services/org.freedesktop.GeoClue2.service,,,,,
2024-11-19T14:24:55.675Z,stat,623,1,103,0,/usr/share/dbus-1/system-services/org.freedesktop.login1.service,,,,,
2024-11-19T14:24:55.675Z,stat,623,1,103,0,/usr/share/dbus-1/system-services/org.freedesktop.timedate1.service,,,,,
2024-11-19T14:24:55.675Z,stat,623,1,103,0,/usr/share/dbus-1/system-services/org.freedesktop.RealtimeKit1.service,,,,,
2024-11-19T14:24:55.675Z,stat,623,1,103,0,/usr/share/dbus-1/system-services/org.opensuse.CupsPkHelper.Mechanism.service,,,,,
2024-11-19T14:24:55.675Z,stat,623,1,103,0,/usr/share/dbus-1/system-services/org.freedesktop.PackageKit.service,,,,,
2024-11-19T14:24:55.675Z,stat,623,1,103,0,/usr/share/dbus-1/system-services/org.freedesktop.locale1.service,,,,,
2024-11-19T14:24:55.675Z,stat,623,1,103,0,/usr/share/dbus-1/system-services/org.debian.apt.service,,,,,
2024-11-19T14:24:55.675Z,stat,623,1,103,0,/usr/share/dbus-1/system-services/org.freedesktop.ColorManager.service,,,,,
2024-11-19T14:24:55.675Z,stat,623,1,103,0,/usr/share/dbus-1/system-services/org.freedesktop.Avahi.service,,,,,
2024-11-19T14:24:55.675Z,stat,623,1,103,0,/usr/share/dbus-1/system-services/org.freedesktop.UPower.service,,,,,
2024-11-19T14:24:55.675Z,stat,623,1,103,0,/usr/share/dbus-1/system-services/org.freedesktop.bolt.service,,,,,
2024-11-19T14:24:55.675Z,stat,623,1,103,0,/usr/share/dbus-1/system-services/com.ubuntu.WhoopsiePreferences.service,,,,,
2024-11-19T14:24:55.675Z,stat,623,1,103,0,/usr/share/dbus-1/system-services/com.hp.hplip.service,,,,,
2024-11-19T14:24:55.675Z,stat,623,1,103,0,/usr/share/dbus-1/system-services/org.freedesktop.resolve1.service,,,,,
2024-11-19T14:24:55.675Z,stat,623,1,103,0,/usr/share/dbus-1/system-services/org.freedesktop.nm_dispatcher.service,,,,,
2024-11-19T14:24:55.675Z,stat,623,1,103,0,/usr/share/dbus-1/system-services/io.netplan.Netplan.service,,,,,
2024-11-19T14:24:55.675Z,stat,623,1,103,0,/usr/share/dbus-1/system-services/fi.w1.wpa_supplicant1.service,,,,,
2024-11-19T14:24:55.675Z,stat,623,1,103,0,/usr/share/dbus-1/system-services/com.ubuntu.LanguageSelector.service,,,,,
2024-11-19T14:24:55.675Z,stat,623,1,103,0,/usr/share/dbus-1/system-services/com.ubuntu.SoftwareProperties.service,,,,,
2024-11-19T14:24:55.675Z,stat,623,1,103,0,/usr/share/dbus-1/system-services/org.freedesktop.UDisks2.service,,,,,
2024-11-19T14:24:55.675Z,stat,623,1,103,0,/usr/share/dbus-1/system-services/org.bluez.service,,,,,
2024-11-19T14:24:55.675Z,stat,623,1,103,0,/usr/share/dbus-1/system-services/com.ubuntu.USBCreator.service,,,,,
2024-11-19T14:24:55.675Z,openat,623,1,103,ENOENT,/lib/dbus-1/system-services,,,,9.46372E+13,591872
2024-11-19T14:24:55.675Z,openat,623,1,103,27,/var/lib/snapd/dbus-1/system-services/,,,,9.46372E+13,591872
2024-11-19T14:25:00.675Z,access,1071,1,0,ENOENT,/var/run/utmpx,,,,,
2024-11-19T14:25:00.675Z,openat,1071,1,0,6,/var/run/utmp,,,,1.39805E+14,524288
2024-11-19T14:25:00.683Z,openat,623,1,103,ENOENT,/usr/local/share/dbus-1/system-services,,,,9.46372E+13,591872
2024-11-19T14:25:00.683Z,openat,623,1,103,27,/usr/share/dbus-1/system-services,,,,9.46372E+13,591872
2024-11-19T14:25:00.687Z,stat,623,1,103,0,/usr/share/dbus-1/system-services/org.freedesktop.timesync1.service,,,,,
2024-11-19T14:25:00.687Z,stat,623,1,103,0,/usr/share/dbus-1/system-services/org.freedesktop.thermald.service,,,,,
2024-11-19T14:25:00.687Z,stat,623,1,103,0,/usr/share/dbus-1/system-services/org.freedesktop.network1.service,,,,,
2024-11-19T14:25:00.687Z,stat,623,1,103,0,/usr/share/dbus-1/system-services/org.freedesktop.systemd1.service,,,,,
2024-11-19T14:25:00.687Z,stat,623,1,103,0,/usr/share/dbus-1/system-services/org.freedesktop.Accounts.service,,,,,
2024-11-19T14:25:00.687Z,stat,623,1,103,0,/usr/share/dbus-1/system-services/org.freedesktop.ModemManager1.service,,,,,
2024-11-19T14:25:00.687Z,stat,623,1,103,0,/usr/share/dbus-1/system-services/org.freedesktop.fwupd.service,,,,,
2024-11-19T14:25:00.687Z,stat,623,1,103,0,/usr/share/dbus-1/system-services/net.reactivated.Fprint.service,,,,,
2024-11-19T14:25:00.687Z,stat,623,1,103,0,/usr/share/dbus-1/system-services/org.freedesktop.hostname1.service,,,,,
2024-11-19T14:25:00.687Z,stat,623,1,103,0,/usr/share/dbus-1/system-services/org.freedesktop.PolicyKit1.service,,,,,
2024-11-19T14:25:00.687Z,stat,623,1,103,0,/usr/share/dbus-1/system-services/org.freedesktop.GeoClue2.service,,,,,
2024-11-19T14:25:00.687Z,stat,623,1,103,0,/usr/share/dbus-1/system-services/org.freedesktop.login1.service,,,,,
2024-11-19T14:25:00.687Z,stat,623,1,103,0,/usr/share/dbus-1/system-services/org.freedesktop.timedate1.service,,,,,
2024-11-19T14:25:00.687Z,stat,623,1,103,0,/usr/share/dbus-1/system-services/org.freedesktop.RealtimeKit1.service,,,,,
2024-11-19T14:25:00.687Z,stat,623,1,103,0,/usr/share/dbus-1/system-services/org.opensuse.CupsPkHelper.Mechanism.service,,,,,
2024-11-19T14:25:00.687Z,stat,623,1,103,0,/usr/share/dbus-1/system-services/org.freedesktop.PackageKit.service,,,,,
2024-11-19T14:25:00.687Z,stat,623,1,103,0,/usr/share/dbus-1/system-services/org.freedesktop.locale1.service,,,,,
2024-11-19T14:25:00.687Z,stat,623,1,103,0,/usr/share/dbus-1/system-services/org.debian.apt.service,,,,,
2024-11-19T14:25:00.687Z,stat,623,1,103,0,/usr/share/dbus-1/system-services/org.freedesktop.ColorManager.service,,,,,
2024-11-19T14:25:00.687Z,stat,623,1,103,0,/usr/share/dbus-1/system-services/org.freedesktop.Avahi.service,,,,,
2024-11-19T14:25:00.687Z,stat,623,1,103,0,/usr/share/dbus-1/system-services/org.freedesktop.UPower.service,,,,,
2024-11-19T14:25:00.687Z,stat,623,1,103,0,/usr/share/dbus-1/system-services/org.freedesktop.bolt.service,,,,,
2024-11-19T14:25:00.687Z,stat,623,1,103,0,/usr/share/dbus-1/system-services/com.ubuntu.WhoopsiePreferences.service,,,,,
2024-11-19T14:25:00.687Z,stat,623,1,103,0,/usr/share/dbus-1/system-services/com.hp.hplip.service,,,,,
2024-11-19T14:25:00.687Z,stat,623,1,103,0,/usr/share/dbus-1/system-services/org.freedesktop.resolve1.service,,,,,
2024-11-19T14:25:00.687Z,stat,623,1,103,0,/usr/share/dbus-1/system-services/org.freedesktop.nm_dispatcher.service,,,,,
2024-11-19T14:25:00.687Z,stat,623,1,103,0,/usr/share/dbus-1/system-services/io.netplan.Netplan.service,,,,,
2024-11-19T14:25:00.687Z,stat,623,1,103,0,/usr/share/dbus-1/system-services/fi.w1.wpa_supplicant1.service,,,,,
2024-11-19T14:25:00.687Z,stat,623,1,103,0,/usr/share/dbus-1/system-services/com.ubuntu.LanguageSelector.service,,,,,
2024-11-19T14:25:00.687Z,stat,623,1,103,0,/usr/share/dbus-1/system-services/com.ubuntu.SoftwareProperties.service,,,,,
2024-11-19T14:25:00.687Z,stat,623,1,103,0,/usr/share/dbus-1/system-services/org.freedesktop.UDisks2.service,,,,,
2024-11-19T14:25:00.687Z,stat,623,1,103,0,/usr/share/dbus-1/system-services/org.bluez.service,,,,,
2024-11-19T14:25:00.687Z,stat,623,1,103,0,/usr/share/dbus-1/system-services/com.ubuntu.USBCreator.service,,,,,
2024-11-19T14:25:00.687Z,openat,623,1,103,ENOENT,/lib/dbus-1/system-services,,,,9.46372E+13,591872
2024-11-19T14:25:00.687Z,openat,623,1,103,27,/var/lib/snapd/dbus-1/system-services/,,,,9.46372E+13,591872
2024-11-19T14:25:01.315Z,stat,620,1,0,0,/etc/localtime,,,,,
2024-11-19T14:25:01.315Z,stat,620,1,0,0,crontabs,,,,,
2024-11-19T14:25:01.315Z,stat,620,1,0,0,/etc/crontab,,,,,
2024-11-19T14:25:01.315Z,stat,620,1,0,0,/etc/cron.d,,,,,
2024-11-19T14:25:01.315Z,stat,620,1,0,0,/etc/cron.d/anacron,,,,,
2024-11-19T14:25:01.315Z,stat,620,1,0,0,/etc/cron.d/e2scrub_all,,,,,
2024-11-19T14:25:01.315Z,stat,620,1,0,0,/etc/cron.d/popularity-contest,,,,,
